Login,تسجيل الدخول
Logout,تسجيل الخروج
Email,البريد الإلكتروني
Password,كلمة المرور
Forgot your password?,هل نسيت كلمة المرور؟
Create an account,إنشاء حساب
Register,التسجيل
Full Name,الاسم الكامل
Full name,الاسم الكامل
Sign In,تسجيل الدخول
Order History,سجل الطلبات
Account Details,تفاصيل الحساب
You have not placed any orders yet,لم تقم بأي طلب بعد
My Account,حسابي
Already have an account?,هل لديك حساب بالفعل؟
Contact information,معلومات الاتصال
City,المدينة
Account Information,معلومات الحساب
Address,العنوان
Postcode,الرمز البريدي
Postcode is required,الرمز البريدي مطلوب
Telephone is required,رقم الهاتف مطلوب
Telephone,الهاتف
Full name is required,الاسم الكامل مطلوب
Country is required,الدولة مطلوبة
Country,الدولة
Province is required,المحافظة مطلوبة
Province,المحافظة
Billing Address,عنوان الفوترة
Shipping Address,عنوان الشحن
Create A New Account,إنشاء حساب جديد
Contact,اتصل بنا
Customer information,معلومات العميل
Address book,دفتر العناوين
Account information,معلومات الحساب
Recent orders,الطلبات الأخيرة
View all,عرض الكل
Sign in,تسجيل الدخول
Welcome back — sign in to your account.,مرحبًا بعودتك — سجّل الدخول إلى حسابك.
New here?,جديد هنا؟
Back to orders,العودة إلى الطلبات
Create account,إنشاء حساب
You must be logged in to manage your addresses,يجب تسجيل الدخول لإدارة عناوينك
You must be logged in to update your profile,يجب تسجيل الدخول لتحديث ملفك الشخصي
There is nothing to update,لا يوجد ما يمكن تحديثه
Email is already used,البريد الإلكتروني مستخدم بالفعل
Order #${orderNumber},الطلب رقم ${orderNumber}
