1 product,منتج واحد
${count} products,${count} منتجات
About us,من نحن
Activity,الأنشطة
Al-Waqf Project,مشروع الوقف
All rights reserved.,جميع الحقوق محفوظة.
Andalusi Method,المنهج الأندلسي
Books and materials to learn Arabic and Islamic culture,كتب ومواد لتعلّم اللغة العربية والثقافة الإسلامية
"Books, posters and teaching materials to learn Arabic and discover Islamic culture.",كتب ولوحات ومواد تعليمية لتعلّم اللغة العربية والتعرّف على الثقافة الإسلامية.
Cart,السلة
Contact info,معلومات الاتصال
Contact us,اتصل بنا
Cookie policy,سياسة ملفات تعريف الارتباط
Could not connect to the payment gateway.,تعذّر الاتصال ببوابة الدفع.
Country calling code,رمز الاتصال الدولي
DONATE,تبرّع
Donate,تبرّع
Enter a 9-digit Spanish phone number,أدخل رقم هاتف إسبانيًا من 9 أرقام
Enter a valid phone number,أدخل رقم هاتف صالحًا
Fundación Andalusí,المؤسسة الأندلسية
Fundación Andalusí Shop,متجر المؤسسة الأندلسية
Fundación Andalusí de España,المؤسسة الأندلسية في إسبانيا
Fundación Andalusí on Instagram,المؤسسة الأندلسية على إنستغرام
Legal information,معلومات قانونية
Legal notice,الإشعار القانوني
No charge has been made and your products are still in the cart. You can try again whenever you like.,لم يتم خصم أي مبلغ، ولا تزال منتجاتك في السلة. يمكنك المحاولة مجددًا متى شئت.
Online shop,المتجر الإلكتروني
Original materials,مواد أصلية
Our products,منتجاتنا
Pay now,ادفع الآن
Privacy policy,سياسة الخصوصية
Projects,المشاريع
Publishing house,دار النشر
Redirecting to the payment gateway…,جارٍ التحويل إلى بوابة الدفع…
Secure payment,دفع آمن
Secure payment with Redsys,دفع آمن عبر Redsys
Shipping and returns,الشحن والإرجاع
Shop advantages,مزايا المتجر
Soon you will find the Foundation’s books and materials here.,ستجد هنا قريبًا كتب المؤسسة وموادها.
Suggestions by Google,اقتراحات من Google
Tarjeta (Redsys),بطاقة بنكية (Redsys)
Terms of sale,شروط البيع
The Foundation’s mission is to promote the teaching of Arabic and to preserve the Islamic heritage of Spain.,تتمثّل رسالة المؤسسة في تعزيز تعليم اللغة العربية والحفاظ على التراث الإسلامي في إسبانيا.
The Foundation’s online shop,المتجر الإلكتروني للمؤسسة
The order could not be placed. Please try again.,تعذّر إتمام الطلب. يُرجى المحاولة مجددًا.
"The original materials of the Andalusi Method and the publications of our publishing house, created in Spanish for an education of excellence.",المواد الأصلية للمنهج الأندلسي وإصدارات دار نشرنا، أُعدّت بالإسبانية من أجل تعليم متميّز.
The payment was not completed.,لم تكتمل عملية الدفع.
The payment was not completed. You can try again or choose another payment method.,لم تكتمل عملية الدفع. يمكنك المحاولة مجددًا أو اختيار وسيلة دفع أخرى.
View products,عرض المنتجات
across Spain,إلى جميع أنحاء إسبانيا
by card or Bizum,بالبطاقة أو عبر Bizum
in Spanish,باللغة الإسبانية
Cancel,إلغاء
for,عن
result,نتيجة
results,نتائج
"You will be redirected to the secure Redsys gateway to pay by card or Bizum.","سيتم توجيهك إلى بوابة Redsys الآمنة للدفع بالبطاقة أو Bizum."
Envío estándar,الشحن العادي
Continue with Google,المتابعة باستخدام Google
or,أو
We could not sign you in with Google. Please try again.,تعذّر تسجيل دخولك باستخدام Google. يُرجى المحاولة مرة أخرى.
This account is disabled. Please contact us.,هذا الحساب معطّل. يُرجى التواصل معنا.
Withdraw from the contract,العدول عن العقد
Withdraw from your purchase within 14 days,اعدل عن شرائك خلال 14 يومًا
Withdrawal received,تم استلام طلب العدول
We have registered your withdrawal from order #${number} on ${date}.,سجّلنا عدولك عن الطلب رقم ${number} بتاريخ ${date}.
We have sent the acknowledgement of receipt to ${email}. Reference: ${id}.,أرسلنا إشعار الاستلام إلى ${email}. المرجع: ${id}.
"Please return the products within 14 days. We will refund you within 14 days, including the standard shipping costs.",يُرجى إرسال المنتجات إلينا خلال 14 يومًا. وسنردّ إليك المبلغ خلال 14 يومًا كحدّ أقصى، بما فيه تكاليف الشحن العادي.
"You can withdraw from your purchase within 14 calendar days of receiving it, without giving any reason.",يمكنك العدول عن شرائك خلال 14 يومًا تقويميًا من تاريخ استلامه، دون تقديم أي سبب.
More information,مزيد من المعلومات
Order number,رقم الطلب
Email used for the order,البريد الإلكتروني المستخدم في الطلب
We will send the acknowledgement of receipt to this address.,سنرسل إشعار الاستلام إلى هذا العنوان.
Products you are returning (leave empty for the whole order),المنتجات التي تُرجعها (اتركه فارغًا إذا كان الطلب بالكامل)
Comments (optional),ملاحظات (اختياري)
Confirm withdrawal,تأكيد العدول
Something went wrong. Please try again or write to us.,حدث خطأ ما. يُرجى المحاولة مرة أخرى أو مراسلتنا.
We could not find an order with that number and email address.,لم نعثر على طلب بهذا الرقم وهذا البريد الإلكتروني.
Withdraw from contract here,العدول عن العقد من هنا
within 14 days of receiving your order,خلال 14 يومًا من استلام طلبك
Withdrawal received · Order #${number},تم استلام طلب العدول · الطلب رقم ${number}
By clicking “Pay now” you place an order with an obligation to pay and accept the,بالضغط على «ادفع الآن» تُقدّم طلبًا يلزمك بالدفع وتوافق على
terms of sale,شروط البيع
You have 14 days to withdraw,لديك 14 يومًا للعدول عن الشراء
withdrawal,العدول
We process your data as described in the,نعالج بياناتك وفق
privacy policy,سياسة الخصوصية
VAT included,شامل ضريبة القيمة المضافة
Product safety information,معلومات سلامة المنتج
Manufacturer,الجهة المصنِّعة
Reference,المرجع
Warnings,تحذيرات
"Shipping: €4.95, free from €30",الشحن: 4.95 €، ومجاني ابتداءً من 30 €
