1 product,1 producto
${count} products,${count} productos
About us,Conócenos
Activity,Actividad
Al-Waqf Project,Proyecto Al-Waqf
All rights reserved.,Todos los derechos reservados.
Andalusi Method,Método Andalusí
Books and materials to learn Arabic and Islamic culture,Libros y materiales para aprender árabe y cultura islámica
"Books, posters and teaching materials to learn Arabic and discover Islamic culture.","Libros, láminas y material didáctico para aprender árabe y conocer la cultura islámica."
Cart,Carrito
Contact info,Info contacto
Contact us,Contáctanos
Cookie policy,Política de cookies
Could not connect to the payment gateway.,No se ha podido conectar con la pasarela de pago.
Country calling code,Prefijo del país
DONATE,DONAR
Donate,Donar
Enter a 9-digit Spanish phone number,Introduce un teléfono español de 9 cifras
Enter a valid phone number,Introduce un número de teléfono válido
Fundación Andalusí,Fundación Andalusí
Fundación Andalusí Shop,Tienda de la Fundación Andalusí
Fundación Andalusí de España,Fundación Andalusí de España
Fundación Andalusí on Instagram,Instagram de la Fundación Andalusí
Legal information,Información legal
Legal notice,Aviso legal
No charge has been made and your products are still in the cart. You can try again whenever you like.,No se ha realizado ningún cargo y tus productos siguen en el carrito. Puedes volver a intentarlo cuando quieras.
Online shop,Tienda online
Original materials,Materiales originales
Our products,Nuestros productos
Pay now,Pagar ahora
Privacy policy,Política de privacidad
Projects,Proyectos
Publishing house,Editorial
Redirecting to the payment gateway…,Redirigiendo a la pasarela de pago…
Secure payment,Pago seguro
Secure payment with Redsys,Pago seguro con Redsys
Shipping and returns,Envíos y devoluciones
Shop advantages,Ventajas de la tienda
Soon you will find the Foundation’s books and materials here.,Muy pronto encontrarás aquí los libros y materiales de la Fundación.
Suggestions by Google,Sugerencias de Google
Tarjeta (Redsys),Tarjeta (Redsys)
Terms of sale,Condiciones de venta
The Foundation’s mission is to promote the teaching of Arabic and to preserve the Islamic heritage of Spain.,La misión de la Fundación es promover la enseñanza del árabe y preservar el patrimonio islámico en España.
The Foundation’s online shop,Tienda online de la Fundación
The order could not be placed. Please try again.,No se ha podido realizar el pedido. Inténtelo de nuevo.
"The original materials of the Andalusi Method and the publications of our publishing house, created in Spanish for an education of excellence.","Los materiales originales del Método Andalusí y las publicaciones de nuestra editorial, creados en castellano para una educación de excelencia."
The payment was not completed.,El pago no se ha completado.
The payment was not completed. You can try again or choose another payment method.,El pago no se ha completado. Puede intentarlo de nuevo o elegir otro método de pago.
View products,Ver productos
across Spain,a toda España
by card or Bizum,con tarjeta o Bizum
in Spanish,en castellano
Cancel,Cancelar
for,para
result,resultado
results,resultados
"You will be redirected to the secure Redsys gateway to pay by card or Bizum.","Será redirigido a la pasarela segura de Redsys para completar el pago con tarjeta o Bizum."
Continue with Google,Continuar con Google
or,o
We could not sign you in with Google. Please try again.,No hemos podido iniciar tu sesión con Google. Inténtalo de nuevo.
This account is disabled. Please contact us.,Esta cuenta está desactivada. Ponte en contacto con nosotros.
Withdraw from the contract,Desistir del contrato
Withdraw from your purchase within 14 days,Desiste de tu compra en un plazo de 14 días
Withdrawal received,Desistimiento recibido
We have registered your withdrawal from order #${number} on ${date}.,Hemos registrado tu desistimiento del pedido n.º ${number} el ${date}.
We have sent the acknowledgement of receipt to ${email}. Reference: ${id}.,Te hemos enviado el acuse de recibo a ${email}. Referencia: ${id}.
"Please return the products within 14 days. We will refund you within 14 days, including the standard shipping costs.","Envíanos los productos en un plazo de 14 días. Te reembolsaremos en un máximo de 14 días, incluidos los gastos del envío estándar."
"You can withdraw from your purchase within 14 calendar days of receiving it, without giving any reason.","Puedes desistir de tu compra en un plazo de 14 días naturales desde que la recibes, sin dar explicaciones."
More information,Más información
Order number,Número de pedido
Email used for the order,Correo electrónico del pedido
We will send the acknowledgement of receipt to this address.,Te enviaremos el acuse de recibo a esta dirección.
Products you are returning (leave empty for the whole order),Productos que devuelves (déjalo vacío si es todo el pedido)
Comments (optional),Comentarios (opcional)
Confirm withdrawal,Confirmar desistimiento
Something went wrong. Please try again or write to us.,Algo ha fallado. Inténtalo de nuevo o escríbenos.
We could not find an order with that number and email address.,No encontramos ningún pedido con ese número y ese correo electrónico.
Withdraw from contract here,Desistir del contrato aquí
within 14 days of receiving your order,en los 14 días siguientes a recibir tu pedido
Withdrawal received · Order #${number},Desistimiento recibido · Pedido n.º ${number}
By clicking “Pay now” you place an order with an obligation to pay and accept the,Al pulsar «Pagar ahora» realizas un pedido con obligación de pago y aceptas las
terms of sale,condiciones de venta
You have 14 days to withdraw,Tienes 14 días para desistir
withdrawal,desistimiento
We process your data as described in the,Tratamos tus datos según la
privacy policy,política de privacidad
VAT included,IVA incluido
Product safety information,Información de seguridad del producto
Manufacturer,Fabricante
Reference,Referencia
Warnings,Advertencias
"Shipping: €4.95, free from €30","Envío: 4,95 €, gratis desde 30 €"
